perfil_rojo,perfil_azul,equipo_inicial,ganador,razon,equipo_toco_asesino,turnos_totales,pistas_forzadas_rojo,pistas_forzadas_azul,seed
gemini_puro,gemini_puro,rojo,azul,completado,,8,0,0,20001
gemini_puro,gemini_puro,azul,azul,asesino,rojo,6,0,0,20002
gemini_puro,gemini_puro,rojo,azul,completado,,10,0,0,20003
gemini_puro,gemini_puro,azul,azul,asesino,rojo,6,0,0,20004
gemini_puro,gemini_puro,rojo,azul,asesino,rojo,5,0,0,20005
gemini_puro,gemini_puro,azul,rojo,asesino,azul,5,0,0,20006
gemini_puro,gemini_puro,rojo,rojo,completado,,7,0,0,20007
gemini_puro,gemini_puro,azul,rojo,completado,,10,0,0,20008
gemini_puro,gemini_puro,rojo,azul,asesino,rojo,1,0,0,20009
gemini_puro,gemini_puro,azul,azul,asesino,rojo,6,0,0,20010
gemini_puro,v1_puro,rojo,azul,completado,,6,0,0,20011
gemini_puro,v1_puro,azul,azul,completado,,5,0,0,20012
gemini_puro,v1_puro,rojo,azul,completado,,4,0,0,20013
gemini_puro,v1_puro,azul,azul,completado,,5,0,0,20014
gemini_puro,v1_puro,rojo,azul,completado,,6,0,0,20015
gemini_puro,v1_puro,azul,azul,asesino,rojo,4,0,0,20016
gemini_puro,v1_puro,rojo,azul,completado,,6,0,0,20017
gemini_puro,v1_puro,azul,azul,completado,,5,0,0,20018
gemini_puro,v1_puro,rojo,azul,completado,,6,0,0,20019
gemini_puro,v1_puro,azul,azul,completado,,5,0,0,20020
gemini_puro,gemini_da_v1_lee,rojo,rojo,asesino,azul,2,0,0,20021
gemini_puro,gemini_da_v1_lee,azul,rojo,completado,,8,0,0,20022
gemini_puro,gemini_da_v1_lee,rojo,azul,asesino,rojo,5,0,0,20023
gemini_puro,gemini_da_v1_lee,azul,azul,asesino,rojo,8,0,0,20024
gemini_puro,gemini_da_v1_lee,rojo,rojo,completado,,7,0,0,20025
gemini_puro,gemini_da_v1_lee,azul,azul,asesino,rojo,8,0,0,20026
gemini_puro,gemini_da_v1_lee,rojo,azul,completado,,10,0,0,20027
gemini_puro,gemini_da_v1_lee,azul,rojo,completado,,8,0,0,20028
gemini_puro,gemini_da_v1_lee,rojo,rojo,asesino,azul,2,0,0,20029
gemini_puro,gemini_da_v1_lee,azul,azul,asesino,rojo,6,0,0,20030
gemini_puro,v1_da_gemini_lee,rojo,azul,asesino,rojo,5,0,0,20031
gemini_puro,v1_da_gemini_lee,azul,rojo,completado,,6,0,0,20032
gemini_puro,v1_da_gemini_lee,rojo,rojo,completado,,11,0,0,20033
gemini_puro,v1_da_gemini_lee,azul,azul,asesino,rojo,4,0,0,20034
gemini_puro,v1_da_gemini_lee,rojo,rojo,completado,,11,0,0,20035
gemini_puro,v1_da_gemini_lee,azul,azul,completado,,5,0,0,20036
gemini_puro,v1_da_gemini_lee,rojo,rojo,completado,,11,0,0,20037
gemini_puro,v1_da_gemini_lee,azul,azul,asesino,rojo,2,0,0,20038
gemini_puro,v1_da_gemini_lee,rojo,azul,asesino,rojo,7,0,0,20039
gemini_puro,v1_da_gemini_lee,azul,rojo,completado,,12,0,0,20040
gemini_puro,v3_puro,rojo,azul,completado,,6,0,0,20041
gemini_puro,v3_puro,azul,azul,completado,,7,0,0,20042
gemini_puro,v3_puro,rojo,azul,completado,,6,0,0,20043
gemini_puro,v3_puro,azul,azul,completado,,5,0,0,20044
gemini_puro,v3_puro,rojo,azul,completado,,8,0,0,20045
gemini_puro,v3_puro,azul,azul,completado,,5,0,0,20046
gemini_puro,v3_puro,rojo,azul,asesino,rojo,5,0,0,20047
gemini_puro,v3_puro,azul,azul,completado,,5,0,0,20048
gemini_puro,v3_puro,rojo,azul,completado,,6,0,0,20049
gemini_puro,v3_puro,azul,azul,asesino,rojo,8,0,0,20050
gemini_puro,gemini_da_v3_lee,rojo,azul,asesino,rojo,7,0,0,20051
gemini_puro,gemini_da_v3_lee,azul,azul,completado,,9,0,0,20052
gemini_puro,gemini_da_v3_lee,rojo,azul,asesino,rojo,5,0,0,20053
gemini_puro,gemini_da_v3_lee,azul,rojo,completado,,8,0,0,20054
gemini_puro,gemini_da_v3_lee,rojo,azul,asesino,rojo,5,0,0,20055
gemini_puro,gemini_da_v3_lee,azul,rojo,asesino,azul,9,0,0,20056
gemini_puro,gemini_da_v3_lee,rojo,azul,asesino,rojo,9,0,0,20057
gemini_puro,gemini_da_v3_lee,azul,azul,asesino,rojo,6,0,0,20058
gemini_puro,gemini_da_v3_lee,rojo,rojo,asesino,azul,4,0,0,20059
gemini_puro,gemini_da_v3_lee,azul,rojo,completado,,12,0,0,20060
gemini_puro,v3_da_gemini_lee,rojo,azul,asesino,rojo,7,0,0,20061
gemini_puro,v3_da_gemini_lee,azul,rojo,asesino,azul,5,0,0,20062
gemini_puro,v3_da_gemini_lee,rojo,azul,completado,,6,0,0,20063
gemini_puro,v3_da_gemini_lee,azul,rojo,completado,,10,0,0,20064
gemini_puro,v3_da_gemini_lee,rojo,azul,asesino,rojo,1,0,0,20065
gemini_puro,v3_da_gemini_lee,azul,rojo,completado,,10,0,0,20066
gemini_puro,v3_da_gemini_lee,rojo,rojo,completado,,9,0,0,20067
gemini_puro,v3_da_gemini_lee,azul,rojo,asesino,azul,5,0,0,20068
gemini_puro,v3_da_gemini_lee,rojo,rojo,asesino,azul,4,0,0,20069
gemini_puro,v3_da_gemini_lee,azul,azul,completado,,5,0,0,20070
v1_puro,gemini_puro,rojo,rojo,completado,,5,0,0,20071
v1_puro,gemini_puro,azul,rojo,asesino,azul,3,0,0,20072
v1_puro,gemini_puro,rojo,rojo,asesino,azul,2,0,0,20073
v1_puro,gemini_puro,azul,rojo,completado,,4,0,0,20074
v1_puro,gemini_puro,rojo,rojo,completado,,7,1,0,20075
v1_puro,gemini_puro,azul,rojo,completado,,6,0,0,20076
v1_puro,gemini_puro,rojo,rojo,completado,,5,0,0,20077
v1_puro,gemini_puro,azul,rojo,completado,,6,0,0,20078
v1_puro,gemini_puro,rojo,rojo,completado,,5,0,0,20079
v1_puro,gemini_puro,azul,rojo,asesino,azul,3,0,0,20080
v1_puro,v1_puro,rojo,azul,completado,,4,0,0,20081
v1_puro,v1_puro,azul,azul,completado,,6,1,0,20082
v1_puro,v1_puro,rojo,rojo,completado,,5,0,0,20083
v1_puro,v1_puro,azul,rojo,completado,,4,0,0,20084
v1_puro,v1_puro,rojo,rojo,completado,,5,0,0,20085
v1_puro,v1_puro,azul,azul,completado,,5,0,0,20086
v1_puro,v1_puro,rojo,azul,completado,,4,0,0,20087
v1_puro,v1_puro,azul,rojo,completado,,4,0,0,20088
v1_puro,v1_puro,rojo,rojo,completado,,5,0,0,20089
v1_puro,v1_puro,azul,azul,completado,,5,0,0,20090
v1_puro,gemini_da_v1_lee,rojo,rojo,asesino,azul,4,0,0,20091
v1_puro,gemini_da_v1_lee,azul,rojo,completado,,4,0,0,20092
v1_puro,gemini_da_v1_lee,rojo,rojo,completado,,5,0,0,20093
v1_puro,gemini_da_v1_lee,azul,rojo,completado,,6,0,0,20094
v1_puro,gemini_da_v1_lee,rojo,rojo,completado,,6,0,0,20095
v1_puro,gemini_da_v1_lee,azul,rojo,completado,,6,0,0,20096
v1_puro,gemini_da_v1_lee,rojo,rojo,completado,,5,0,0,20097
v1_puro,gemini_da_v1_lee,azul,rojo,completado,,4,0,0,20098
v1_puro,gemini_da_v1_lee,rojo,rojo,completado,,5,0,0,20099
v1_puro,gemini_da_v1_lee,azul,rojo,completado,,6,0,0,20100
v1_puro,v1_da_gemini_lee,rojo,rojo,asesino,azul,4,0,0,20101
v1_puro,v1_da_gemini_lee,azul,rojo,completado,,6,0,0,20102
v1_puro,v1_da_gemini_lee,rojo,rojo,asesino,azul,4,0,0,20103
v1_puro,v1_da_gemini_lee,azul,rojo,completado,,6,0,0,20104
v1_puro,v1_da_gemini_lee,rojo,rojo,asesino,azul,4,0,0,20105
v1_puro,v1_da_gemini_lee,azul,rojo,completado,,6,0,0,20106
v1_puro,v1_da_gemini_lee,rojo,rojo,completado,,5,0,0,20107
v1_puro,v1_da_gemini_lee,azul,rojo,completado,,4,0,0,20108
v1_puro,v1_da_gemini_lee,rojo,rojo,completado,,5,0,0,20109
v1_puro,v1_da_gemini_lee,azul,rojo,completado,,6,0,0,20110
v1_puro,v3_puro,rojo,azul,completado,,4,0,0,20111
v1_puro,v3_puro,azul,azul,completado,,5,0,0,20112
v1_puro,v3_puro,rojo,rojo,completado,,5,0,0,20113
v1_puro,v3_puro,azul,rojo,completado,,4,0,0,20114
v1_puro,v3_puro,rojo,rojo,completado,,5,0,0,20115
v1_puro,v3_puro,azul,azul,completado,,5,0,0,20116
v1_puro,v3_puro,rojo,rojo,completado,,5,0,0,20117
v1_puro,v3_puro,azul,azul,completado,,5,0,0,20118
v1_puro,v3_puro,rojo,rojo,completado,,5,0,0,20119
v1_puro,v3_puro,azul,azul,completado,,5,0,0,20120
v1_puro,gemini_da_v3_lee,rojo,rojo,completado,,5,0,0,20121
v1_puro,gemini_da_v3_lee,azul,rojo,completado,,4,0,0,20122
v1_puro,gemini_da_v3_lee,rojo,rojo,completado,,5,0,0,20123
v1_puro,gemini_da_v3_lee,azul,rojo,completado,,6,0,0,20124
v1_puro,gemini_da_v3_lee,rojo,rojo,completado,,5,0,0,20125
v1_puro,gemini_da_v3_lee,azul,rojo,completado,,6,0,0,20126
v1_puro,gemini_da_v3_lee,rojo,rojo,completado,,7,0,0,20127
v1_puro,gemini_da_v3_lee,azul,rojo,completado,,4,0,0,20128
v1_puro,gemini_da_v3_lee,rojo,rojo,completado,,5,0,0,20129
v1_puro,gemini_da_v3_lee,azul,rojo,completado,,6,0,0,20130
v1_puro,v3_da_gemini_lee,rojo,rojo,completado,,5,0,0,20131
v1_puro,v3_da_gemini_lee,azul,rojo,completado,,5,0,0,20132
v1_puro,v3_da_gemini_lee,rojo,rojo,completado,,5,0,0,20133
v1_puro,v3_da_gemini_lee,azul,rojo,completado,,4,0,0,20134
v1_puro,v3_da_gemini_lee,rojo,rojo,asesino,azul,2,0,0,20135
v1_puro,v3_da_gemini_lee,azul,rojo,completado,,4,0,0,20136
v1_puro,v3_da_gemini_lee,rojo,rojo,completado,,3,0,0,20137
v1_puro,v3_da_gemini_lee,azul,rojo,asesino,azul,3,0,0,20138
v1_puro,v3_da_gemini_lee,rojo,rojo,completado,,5,0,0,20139
v1_puro,v3_da_gemini_lee,azul,rojo,asesino,azul,1,0,0,20140
gemini_da_v1_lee,gemini_puro,rojo,azul,completado,,10,0,0,20141
gemini_da_v1_lee,gemini_puro,azul,azul,asesino,rojo,2,0,0,20142
gemini_da_v1_lee,gemini_puro,rojo,azul,asesino,rojo,11,0,0,20143
gemini_da_v1_lee,gemini_puro,azul,rojo,completado,,8,0,0,20144
gemini_da_v1_lee,gemini_puro,rojo,azul,completado,,10,0,0,20145
gemini_da_v1_lee,gemini_puro,azul,rojo,completado,,10,0,0,20146
gemini_da_v1_lee,gemini_puro,rojo,rojo,asesino,azul,6,0,0,20147
gemini_da_v1_lee,gemini_puro,azul,azul,completado,,7,0,0,20148
gemini_da_v1_lee,gemini_puro,rojo,azul,asesino,rojo,5,0,0,20149
gemini_da_v1_lee,gemini_puro,azul,azul,completado,,9,0,0,20150
gemini_da_v1_lee,v1_puro,rojo,azul,completado,,4,0,0,20151
gemini_da_v1_lee,v1_puro,azul,azul,completado,,5,0,0,20152
gemini_da_v1_lee,v1_puro,rojo,azul,completado,,6,0,0,20153
gemini_da_v1_lee,v1_puro,azul,azul,completado,,4,0,0,20154
gemini_da_v1_lee,v1_puro,rojo,azul,completado,,4,0,0,20155
gemini_da_v1_lee,v1_puro,azul,azul,completado,,5,0,0,20156
gemini_da_v1_lee,v1_puro,rojo,azul,completado,,4,0,0,20157
gemini_da_v1_lee,v1_puro,azul,azul,completado,,7,0,1,20158
gemini_da_v1_lee,v1_puro,rojo,azul,asesino,rojo,5,0,0,20159
gemini_da_v1_lee,v1_puro,azul,azul,completado,,5,0,0,20160
gemini_da_v1_lee,gemini_da_v1_lee,rojo,azul,completado,,9,0,0,20161
gemini_da_v1_lee,gemini_da_v1_lee,azul,azul,completado,,11,0,0,20162
gemini_da_v1_lee,gemini_da_v1_lee,rojo,azul,asesino,rojo,1,0,0,20163
gemini_da_v1_lee,gemini_da_v1_lee,azul,rojo,asesino,azul,11,0,0,20164
gemini_da_v1_lee,gemini_da_v1_lee,rojo,azul,asesino,rojo,11,0,0,20165
gemini_da_v1_lee,gemini_da_v1_lee,azul,rojo,asesino,azul,5,0,0,20166
gemini_da_v1_lee,gemini_da_v1_lee,rojo,rojo,completado,,15,0,0,20167
gemini_da_v1_lee,gemini_da_v1_lee,azul,rojo,completado,,10,0,0,20168
gemini_da_v1_lee,gemini_da_v1_lee,rojo,azul,asesino,rojo,1,0,0,20169
gemini_da_v1_lee,gemini_da_v1_lee,azul,rojo,asesino,azul,5,0,0,20170
gemini_da_v1_lee,v1_da_gemini_lee,rojo,rojo,asesino,azul,8,0,0,20171
gemini_da_v1_lee,v1_da_gemini_lee,azul,rojo,asesino,azul,5,0,0,20172
gemini_da_v1_lee,v1_da_gemini_lee,rojo,rojo,asesino,azul,4,0,0,20173
gemini_da_v1_lee,v1_da_gemini_lee,azul,azul,asesino,rojo,12,0,0,20174
gemini_da_v1_lee,v1_da_gemini_lee,rojo,azul,asesino,rojo,3,0,0,20175
gemini_da_v1_lee,v1_da_gemini_lee,azul,rojo,asesino,azul,5,0,0,20176
gemini_da_v1_lee,v1_da_gemini_lee,rojo,rojo,asesino,azul,6,0,0,20177
gemini_da_v1_lee,v1_da_gemini_lee,azul,azul,completado,,9,0,0,20178
gemini_da_v1_lee,v1_da_gemini_lee,rojo,azul,completado,,12,0,0,20179
gemini_da_v1_lee,v1_da_gemini_lee,azul,azul,asesino,rojo,10,0,0,20180
gemini_da_v1_lee,v3_puro,rojo,azul,completado,,8,0,0,20181
gemini_da_v1_lee,v3_puro,azul,azul,completado,,7,0,0,20182
gemini_da_v1_lee,v3_puro,rojo,azul,completado,,5,0,0,20183
gemini_da_v1_lee,v3_puro,azul,azul,asesino,rojo,6,0,0,20184
gemini_da_v1_lee,v3_puro,rojo,azul,completado,,6,0,0,20185
gemini_da_v1_lee,v3_puro,azul,azul,completado,,6,0,0,20186
gemini_da_v1_lee,v3_puro,rojo,azul,completado,,4,0,0,20187
gemini_da_v1_lee,v3_puro,azul,azul,completado,,5,0,0,20188
gemini_da_v1_lee,v3_puro,rojo,azul,asesino,rojo,5,0,0,20189
gemini_da_v1_lee,v3_puro,azul,azul,asesino,rojo,4,0,0,20190
gemini_da_v1_lee,gemini_da_v3_lee,rojo,rojo,asesino,azul,8,0,0,20191
gemini_da_v1_lee,gemini_da_v3_lee,azul,rojo,completado,,12,0,0,20192
gemini_da_v1_lee,gemini_da_v3_lee,rojo,rojo,asesino,azul,4,0,0,20193
gemini_da_v1_lee,gemini_da_v3_lee,azul,azul,asesino,rojo,14,0,0,20194
gemini_da_v1_lee,gemini_da_v3_lee,rojo,rojo,asesino,azul,6,0,0,20195
gemini_da_v1_lee,gemini_da_v3_lee,azul,rojo,completado,,8,0,0,20196
gemini_da_v1_lee,gemini_da_v3_lee,rojo,azul,asesino,rojo,5,0,0,20197
gemini_da_v1_lee,gemini_da_v3_lee,azul,azul,asesino,rojo,12,0,0,20198
gemini_da_v1_lee,gemini_da_v3_lee,rojo,azul,completado,,10,0,0,20199
gemini_da_v1_lee,gemini_da_v3_lee,azul,rojo,asesino,azul,9,0,0,20200
gemini_da_v1_lee,v3_da_gemini_lee,rojo,azul,completado,,6,0,0,20201
gemini_da_v1_lee,v3_da_gemini_lee,azul,rojo,asesino,azul,5,0,0,20202
gemini_da_v1_lee,v3_da_gemini_lee,rojo,rojo,asesino,azul,8,0,0,20203
gemini_da_v1_lee,v3_da_gemini_lee,azul,azul,asesino,rojo,10,0,0,20204
gemini_da_v1_lee,v3_da_gemini_lee,rojo,rojo,completado,,11,0,0,20205
gemini_da_v1_lee,v3_da_gemini_lee,azul,rojo,completado,,8,0,0,20206
gemini_da_v1_lee,v3_da_gemini_lee,rojo,rojo,asesino,azul,8,0,0,20207
gemini_da_v1_lee,v3_da_gemini_lee,azul,azul,asesino,rojo,2,0,0,20208
gemini_da_v1_lee,v3_da_gemini_lee,rojo,rojo,asesino,azul,2,0,0,20209
gemini_da_v1_lee,v3_da_gemini_lee,azul,azul,asesino,rojo,2,0,0,20210
v1_da_gemini_lee,gemini_puro,rojo,rojo,completado,,11,0,0,20211
v1_da_gemini_lee,gemini_puro,azul,rojo,asesino,azul,5,0,0,20212
v1_da_gemini_lee,gemini_puro,rojo,azul,completado,,7,0,0,20213
v1_da_gemini_lee,gemini_puro,azul,azul,asesino,rojo,2,0,0,20214
v1_da_gemini_lee,gemini_puro,rojo,azul,asesino,rojo,5,0,0,20215
v1_da_gemini_lee,gemini_puro,azul,azul,completado,,7,0,0,20216
v1_da_gemini_lee,gemini_puro,rojo,azul,asesino,rojo,7,0,0,20217
v1_da_gemini_lee,gemini_puro,azul,azul,asesino,rojo,2,0,0,20218
v1_da_gemini_lee,gemini_puro,rojo,rojo,completado,,9,0,0,20219
v1_da_gemini_lee,gemini_puro,azul,azul,asesino,rojo,2,0,0,20220
v1_da_gemini_lee,v1_puro,rojo,azul,completado,,6,0,0,20221
v1_da_gemini_lee,v1_puro,azul,azul,completado,,5,0,1,20222
v1_da_gemini_lee,v1_puro,rojo,azul,completado,,6,0,0,20223
v1_da_gemini_lee,v1_puro,azul,azul,completado,,5,0,0,20224
v1_da_gemini_lee,v1_puro,rojo,azul,asesino,rojo,1,0,0,20225
v1_da_gemini_lee,v1_puro,azul,azul,completado,,7,0,0,20226
v1_da_gemini_lee,v1_puro,rojo,azul,completado,,8,0,1,20227
v1_da_gemini_lee,v1_puro,azul,azul,completado,,5,0,0,20228
v1_da_gemini_lee,v1_puro,rojo,azul,completado,,6,0,0,20229
v1_da_gemini_lee,v1_puro,azul,azul,completado,,5,0,0,20230
v1_da_gemini_lee,gemini_da_v1_lee,rojo,azul,completado,,8,0,0,20231
v1_da_gemini_lee,gemini_da_v1_lee,azul,rojo,completado,,6,0,0,20232
v1_da_gemini_lee,gemini_da_v1_lee,rojo,rojo,asesino,azul,6,0,0,20233
v1_da_gemini_lee,gemini_da_v1_lee,azul,azul,completado,,9,0,0,20234
v1_da_gemini_lee,gemini_da_v1_lee,rojo,rojo,completado,,9,0,0,20235
v1_da_gemini_lee,gemini_da_v1_lee,azul,rojo,asesino,azul,3,0,0,20236
v1_da_gemini_lee,gemini_da_v1_lee,rojo,azul,asesino,rojo,1,0,0,20237
v1_da_gemini_lee,gemini_da_v1_lee,azul,rojo,completado,,12,0,0,20238
v1_da_gemini_lee,gemini_da_v1_lee,rojo,azul,asesino,rojo,5,0,0,20239
v1_da_gemini_lee,gemini_da_v1_lee,azul,rojo,completado,,7,0,0,20240
v1_da_gemini_lee,v1_da_gemini_lee,rojo,rojo,completado,,7,0,0,20241
v1_da_gemini_lee,v1_da_gemini_lee,azul,azul,completado,,9,0,0,20242
v1_da_gemini_lee,v1_da_gemini_lee,rojo,rojo,asesino,azul,10,0,0,20243
v1_da_gemini_lee,v1_da_gemini_lee,azul,azul,asesino,rojo,2,0,0,20244
v1_da_gemini_lee,v1_da_gemini_lee,rojo,rojo,asesino,azul,8,0,0,20245
v1_da_gemini_lee,v1_da_gemini_lee,azul,rojo,asesino,azul,1,0,0,20246
v1_da_gemini_lee,v1_da_gemini_lee,rojo,azul,asesino,rojo,1,0,0,20247
v1_da_gemini_lee,v1_da_gemini_lee,azul,rojo,asesino,azul,3,0,0,20248
v1_da_gemini_lee,v1_da_gemini_lee,rojo,azul,completado,,8,0,0,20249
v1_da_gemini_lee,v1_da_gemini_lee,azul,rojo,asesino,azul,3,0,0,20250
v1_da_gemini_lee,v3_puro,rojo,azul,asesino,rojo,7,0,0,20251
v1_da_gemini_lee,v3_puro,azul,azul,completado,,7,0,0,20252
v1_da_gemini_lee,v3_puro,rojo,azul,completado,,6,0,0,20253
v1_da_gemini_lee,v3_puro,azul,azul,completado,,5,0,0,20254
v1_da_gemini_lee,v3_puro,rojo,azul,asesino,rojo,1,0,0,20255
v1_da_gemini_lee,v3_puro,azul,azul,completado,,5,0,0,20256
v1_da_gemini_lee,v3_puro,rojo,azul,completado,,6,0,0,20257
v1_da_gemini_lee,v3_puro,azul,azul,completado,,7,0,0,20258
v1_da_gemini_lee,v3_puro,rojo,azul,completado,,6,0,0,20259
v1_da_gemini_lee,v3_puro,azul,azul,completado,,7,0,0,20260
v1_da_gemini_lee,gemini_da_v3_lee,rojo,rojo,completado,,7,0,0,20261
v1_da_gemini_lee,gemini_da_v3_lee,azul,rojo,asesino,azul,3,0,0,20262
v1_da_gemini_lee,gemini_da_v3_lee,rojo,azul,completado,,9,0,0,20263
v1_da_gemini_lee,gemini_da_v3_lee,azul,rojo,asesino,azul,1,0,0,20264
v1_da_gemini_lee,gemini_da_v3_lee,rojo,azul,completado,,12,0,0,20265
v1_da_gemini_lee,gemini_da_v3_lee,azul,rojo,completado,,12,0,0,20266
v1_da_gemini_lee,gemini_da_v3_lee,rojo,azul,completado,,10,0,0,20267
v1_da_gemini_lee,gemini_da_v3_lee,azul,azul,asesino,rojo,12,0,0,20268
v1_da_gemini_lee,gemini_da_v3_lee,rojo,rojo,asesino,azul,8,0,0,20269
v1_da_gemini_lee,gemini_da_v3_lee,azul,azul,asesino,rojo,8,0,0,20270
v1_da_gemini_lee,v3_da_gemini_lee,rojo,azul,asesino,rojo,7,0,0,20271
v1_da_gemini_lee,v3_da_gemini_lee,azul,azul,asesino,rojo,8,0,0,20272
v1_da_gemini_lee,v3_da_gemini_lee,rojo,rojo,asesino,azul,4,0,0,20273
v1_da_gemini_lee,v3_da_gemini_lee,azul,rojo,asesino,azul,5,0,0,20274
v1_da_gemini_lee,v3_da_gemini_lee,rojo,azul,completado,,12,0,0,20275
v1_da_gemini_lee,v3_da_gemini_lee,azul,rojo,completado,,8,0,0,20276
v1_da_gemini_lee,v3_da_gemini_lee,rojo,azul,completado,,9,0,0,20277
v1_da_gemini_lee,v3_da_gemini_lee,azul,rojo,asesino,azul,1,0,0,20278
v1_da_gemini_lee,v3_da_gemini_lee,rojo,rojo,completado,,6,0,0,20279
v1_da_gemini_lee,v3_da_gemini_lee,azul,azul,completado,,7,0,0,20280
v3_puro,gemini_puro,rojo,rojo,completado,,7,0,0,20281
v3_puro,gemini_puro,azul,rojo,completado,,5,0,0,20282
v3_puro,gemini_puro,rojo,rojo,completado,,5,0,0,20283
v3_puro,gemini_puro,azul,rojo,completado,,7,0,0,20284
v3_puro,gemini_puro,rojo,rojo,completado,,5,0,0,20285
v3_puro,gemini_puro,azul,rojo,asesino,azul,5,0,0,20286
v3_puro,gemini_puro,rojo,rojo,completado,,5,0,0,20287
v3_puro,gemini_puro,azul,rojo,completado,,8,0,0,20288
v3_puro,gemini_puro,rojo,rojo,completado,,5,0,0,20289
v3_puro,gemini_puro,azul,rojo,completado,,6,0,0,20290
v3_puro,v1_puro,rojo,azul,completado,,6,0,0,20291
v3_puro,v1_puro,azul,azul,completado,,5,0,0,20292
v3_puro,v1_puro,rojo,rojo,completado,,5,0,0,20293
v3_puro,v1_puro,azul,azul,completado,,5,0,0,20294
v3_puro,v1_puro,rojo,rojo,completado,,5,0,0,20295
v3_puro,v1_puro,azul,azul,completado,,5,0,0,20296
v3_puro,v1_puro,rojo,azul,completado,,6,0,0,20297
v3_puro,v1_puro,azul,rojo,completado,,6,0,0,20298
v3_puro,v1_puro,rojo,azul,completado,,4,0,0,20299
v3_puro,v1_puro,azul,azul,completado,,5,0,0,20300
v3_puro,gemini_da_v1_lee,rojo,rojo,completado,,7,0,0,20301
v3_puro,gemini_da_v1_lee,azul,rojo,completado,,6,0,0,20302
v3_puro,gemini_da_v1_lee,rojo,rojo,completado,,5,0,0,20303
v3_puro,gemini_da_v1_lee,azul,rojo,completado,,6,0,0,20304
v3_puro,gemini_da_v1_lee,rojo,rojo,completado,,7,0,0,20305
v3_puro,gemini_da_v1_lee,azul,rojo,completado,,6,0,0,20306
v3_puro,gemini_da_v1_lee,rojo,rojo,completado,,6,0,0,20307
v3_puro,gemini_da_v1_lee,azul,rojo,completado,,6,0,0,20308
v3_puro,gemini_da_v1_lee,rojo,rojo,completado,,5,0,0,20309
v3_puro,gemini_da_v1_lee,azul,rojo,completado,,6,0,0,20310
v3_puro,v1_da_gemini_lee,rojo,rojo,completado,,5,0,0,20311
v3_puro,v1_da_gemini_lee,azul,rojo,completado,,6,0,0,20312
v3_puro,v1_da_gemini_lee,rojo,rojo,asesino,azul,6,0,0,20313
v3_puro,v1_da_gemini_lee,azul,rojo,completado,,6,0,0,20314
v3_puro,v1_da_gemini_lee,rojo,rojo,completado,,7,0,0,20315
v3_puro,v1_da_gemini_lee,azul,rojo,asesino,azul,1,0,0,20316
v3_puro,v1_da_gemini_lee,rojo,rojo,completado,,5,0,0,20317
v3_puro,v1_da_gemini_lee,azul,rojo,asesino,azul,5,0,0,20318
v3_puro,v1_da_gemini_lee,rojo,rojo,completado,,6,0,0,20319
v3_puro,v1_da_gemini_lee,azul,rojo,completado,,6,0,0,20320
v3_puro,v3_puro,rojo,azul,completado,,8,0,0,20321
v3_puro,v3_puro,azul,rojo,completado,,6,0,0,20322
v3_puro,v3_puro,rojo,rojo,completado,,7,0,0,20323
v3_puro,v3_puro,azul,azul,completado,,5,0,0,20324
v3_puro,v3_puro,rojo,azul,completado,,6,0,0,20325
v3_puro,v3_puro,azul,azul,completado,,5,0,0,20326
v3_puro,v3_puro,rojo,rojo,completado,,5,0,0,20327
v3_puro,v3_puro,azul,rojo,completado,,6,0,0,20328
v3_puro,v3_puro,rojo,rojo,completado,,5,0,0,20329
v3_puro,v3_puro,azul,rojo,completado,,4,0,0,20330
v3_puro,gemini_da_v3_lee,rojo,rojo,completado,,5,0,0,20331
v3_puro,gemini_da_v3_lee,azul,rojo,completado,,4,0,0,20332
v3_puro,gemini_da_v3_lee,rojo,rojo,completado,,5,0,0,20333
v3_puro,gemini_da_v3_lee,azul,rojo,completado,,5,0,0,20334
v3_puro,gemini_da_v3_lee,rojo,rojo,completado,,7,0,0,20335
v3_puro,gemini_da_v3_lee,azul,rojo,completado,,5,0,0,20336
v3_puro,gemini_da_v3_lee,rojo,rojo,completado,,7,0,0,20337
v3_puro,gemini_da_v3_lee,azul,rojo,completado,,6,0,0,20338
v3_puro,gemini_da_v3_lee,rojo,rojo,completado,,7,0,0,20339
v3_puro,gemini_da_v3_lee,azul,rojo,completado,,4,0,0,20340
v3_puro,v3_da_gemini_lee,rojo,rojo,asesino,azul,6,0,0,20341
v3_puro,v3_da_gemini_lee,azul,rojo,completado,,6,0,0,20342
v3_puro,v3_da_gemini_lee,rojo,rojo,completado,,5,0,0,20343
v3_puro,v3_da_gemini_lee,azul,rojo,completado,,4,0,0,20344
v3_puro,v3_da_gemini_lee,rojo,rojo,completado,,6,0,0,20345
v3_puro,v3_da_gemini_lee,azul,rojo,completado,,6,0,0,20346
v3_puro,v3_da_gemini_lee,rojo,rojo,completado,,7,0,0,20347
v3_puro,v3_da_gemini_lee,azul,rojo,completado,,6,0,0,20348
v3_puro,v3_da_gemini_lee,rojo,rojo,completado,,5,0,0,20349
v3_puro,v3_da_gemini_lee,azul,rojo,asesino,azul,5,0,0,20350
gemini_da_v3_lee,gemini_puro,rojo,azul,completado,,12,0,0,20351
gemini_da_v3_lee,gemini_puro,azul,azul,completado,,13,0,0,20352
gemini_da_v3_lee,gemini_puro,rojo,azul,completado,,10,0,0,20353
gemini_da_v3_lee,gemini_puro,azul,rojo,asesino,azul,3,0,0,20354
gemini_da_v3_lee,gemini_puro,rojo,azul,completado,,8,0,0,20355
gemini_da_v3_lee,gemini_puro,azul,azul,completado,,9,0,0,20356
gemini_da_v3_lee,gemini_puro,rojo,rojo,completado,,9,0,0,20357
gemini_da_v3_lee,gemini_puro,azul,rojo,completado,,8,0,0,20358
gemini_da_v3_lee,gemini_puro,rojo,azul,asesino,rojo,9,0,0,20359
gemini_da_v3_lee,gemini_puro,azul,azul,completado,,12,0,0,20360
gemini_da_v3_lee,v1_puro,rojo,azul,completado,,6,0,0,20361
gemini_da_v3_lee,v1_puro,azul,azul,completado,,3,0,0,20362
gemini_da_v3_lee,v1_puro,rojo,azul,completado,,6,0,0,20363
gemini_da_v3_lee,v1_puro,azul,azul,asesino,rojo,4,0,0,20364
gemini_da_v3_lee,v1_puro,rojo,azul,completado,,6,0,0,20365
gemini_da_v3_lee,v1_puro,azul,azul,asesino,rojo,4,0,0,20366
gemini_da_v3_lee,v1_puro,rojo,azul,completado,,6,0,0,20367
gemini_da_v3_lee,v1_puro,azul,azul,completado,,5,0,0,20368
gemini_da_v3_lee,v1_puro,rojo,azul,completado,,4,0,0,20369
gemini_da_v3_lee,v1_puro,azul,azul,completado,,5,0,0,20370
gemini_da_v3_lee,gemini_da_v1_lee,rojo,azul,completado,,12,0,0,20371
gemini_da_v3_lee,gemini_da_v1_lee,azul,rojo,completado,,10,0,0,20372
gemini_da_v3_lee,gemini_da_v1_lee,rojo,rojo,asesino,azul,4,0,0,20373
gemini_da_v3_lee,gemini_da_v1_lee,azul,rojo,completado,,9,0,0,20374
gemini_da_v3_lee,gemini_da_v1_lee,rojo,azul,asesino,rojo,3,0,0,20375
gemini_da_v3_lee,gemini_da_v1_lee,azul,azul,asesino,rojo,6,0,0,20376
gemini_da_v3_lee,gemini_da_v1_lee,rojo,azul,asesino,rojo,3,0,0,20377
gemini_da_v3_lee,gemini_da_v1_lee,azul,azul,completado,,9,0,0,20378
gemini_da_v3_lee,gemini_da_v1_lee,rojo,azul,completado,,12,0,0,20379
gemini_da_v3_lee,gemini_da_v1_lee,azul,azul,asesino,rojo,6,0,0,20380
gemini_da_v3_lee,v1_da_gemini_lee,rojo,rojo,asesino,azul,6,0,0,20381
gemini_da_v3_lee,v1_da_gemini_lee,azul,azul,completado,,9,0,0,20382
gemini_da_v3_lee,v1_da_gemini_lee,rojo,rojo,asesino,azul,10,0,0,20383
gemini_da_v3_lee,v1_da_gemini_lee,azul,azul,asesino,rojo,6,0,0,20384
gemini_da_v3_lee,v1_da_gemini_lee,rojo,azul,asesino,rojo,5,0,0,20385
gemini_da_v3_lee,v1_da_gemini_lee,azul,rojo,asesino,azul,7,0,0,20386
gemini_da_v3_lee,v1_da_gemini_lee,rojo,rojo,asesino,azul,8,0,0,20387
gemini_da_v3_lee,v1_da_gemini_lee,azul,rojo,asesino,azul,7,0,0,20388
gemini_da_v3_lee,v1_da_gemini_lee,rojo,azul,asesino,rojo,5,0,0,20389
gemini_da_v3_lee,v1_da_gemini_lee,azul,rojo,completado,,10,0,0,20390
gemini_da_v3_lee,v3_puro,rojo,azul,completado,,4,0,0,20391
gemini_da_v3_lee,v3_puro,azul,azul,completado,,7,0,0,20392
gemini_da_v3_lee,v3_puro,rojo,azul,asesino,rojo,5,0,0,20393
gemini_da_v3_lee,v3_puro,azul,azul,completado,,7,0,0,20394
gemini_da_v3_lee,v3_puro,rojo,azul,asesino,rojo,3,0,0,20395
gemini_da_v3_lee,v3_puro,azul,azul,completado,,7,0,0,20396
gemini_da_v3_lee,v3_puro,rojo,azul,completado,,6,0,0,20397
gemini_da_v3_lee,v3_puro,azul,azul,completado,,5,0,0,20398
gemini_da_v3_lee,v3_puro,rojo,azul,completado,,6,0,0,20399
gemini_da_v3_lee,v3_puro,azul,azul,asesino,rojo,2,0,0,20400
gemini_da_v3_lee,gemini_da_v3_lee,rojo,rojo,asesino,azul,8,0,0,20401
gemini_da_v3_lee,gemini_da_v3_lee,azul,azul,asesino,rojo,10,0,0,20402
gemini_da_v3_lee,gemini_da_v3_lee,rojo,azul,asesino,rojo,7,0,0,20403
gemini_da_v3_lee,gemini_da_v3_lee,azul,azul,asesino,rojo,4,0,0,20404
gemini_da_v3_lee,gemini_da_v3_lee,rojo,azul,completado,,8,0,0,20405
gemini_da_v3_lee,gemini_da_v3_lee,azul,rojo,asesino,azul,11,0,0,20406
gemini_da_v3_lee,gemini_da_v3_lee,rojo,azul,asesino,rojo,11,0,0,20407
gemini_da_v3_lee,gemini_da_v3_lee,azul,rojo,completado,,9,0,0,20408
gemini_da_v3_lee,gemini_da_v3_lee,rojo,rojo,completado,,11,0,0,20409
gemini_da_v3_lee,gemini_da_v3_lee,azul,rojo,completado,,10,0,0,20410
gemini_da_v3_lee,v3_da_gemini_lee,rojo,rojo,completado,,9,0,0,20411
gemini_da_v3_lee,v3_da_gemini_lee,azul,azul,completado,,9,0,0,20412
gemini_da_v3_lee,v3_da_gemini_lee,rojo,rojo,asesino,azul,8,0,0,20413
gemini_da_v3_lee,v3_da_gemini_lee,azul,rojo,asesino,azul,7,0,0,20414
gemini_da_v3_lee,v3_da_gemini_lee,rojo,azul,completado,,8,0,0,20415
gemini_da_v3_lee,v3_da_gemini_lee,azul,azul,completado,,7,0,0,20416
gemini_da_v3_lee,v3_da_gemini_lee,rojo,rojo,asesino,azul,2,0,0,20417
gemini_da_v3_lee,v3_da_gemini_lee,azul,rojo,completado,,12,0,0,20418
gemini_da_v3_lee,v3_da_gemini_lee,rojo,azul,completado,,8,0,0,20419
gemini_da_v3_lee,v3_da_gemini_lee,azul,rojo,asesino,azul,3,0,0,20420
v3_da_gemini_lee,gemini_puro,rojo,azul,completado,,9,0,0,20421
v3_da_gemini_lee,gemini_puro,azul,rojo,asesino,azul,7,0,0,20422
v3_da_gemini_lee,gemini_puro,rojo,azul,completado,,9,0,0,20423
v3_da_gemini_lee,gemini_puro,azul,rojo,completado,,8,0,0,20424
v3_da_gemini_lee,gemini_puro,rojo,rojo,asesino,azul,6,0,0,20425
v3_da_gemini_lee,gemini_puro,azul,azul,asesino,rojo,6,0,0,20426
v3_da_gemini_lee,gemini_puro,rojo,rojo,asesino,azul,10,0,0,20427
v3_da_gemini_lee,gemini_puro,azul,rojo,asesino,azul,9,0,0,20428
v3_da_gemini_lee,gemini_puro,rojo,rojo,asesino,azul,4,0,0,20429
v3_da_gemini_lee,gemini_puro,azul,rojo,asesino,azul,7,0,0,20430
v3_da_gemini_lee,v1_puro,rojo,azul,completado,,6,0,0,20431
v3_da_gemini_lee,v1_puro,azul,azul,completado,,5,0,0,20432
v3_da_gemini_lee,v1_puro,rojo,azul,completado,,5,0,0,20433
v3_da_gemini_lee,v1_puro,azul,azul,completado,,5,0,0,20434
v3_da_gemini_lee,v1_puro,rojo,azul,completado,,6,0,0,20435
v3_da_gemini_lee,v1_puro,azul,azul,completado,,5,0,0,20436
v3_da_gemini_lee,v1_puro,rojo,azul,completado,,6,0,0,20437
v3_da_gemini_lee,v1_puro,azul,azul,completado,,5,0,0,20438
v3_da_gemini_lee,v1_puro,rojo,azul,completado,,5,0,0,20439
v3_da_gemini_lee,v1_puro,azul,azul,completado,,3,0,0,20440
v3_da_gemini_lee,gemini_da_v1_lee,rojo,rojo,asesino,azul,6,0,0,20441
v3_da_gemini_lee,gemini_da_v1_lee,azul,rojo,asesino,azul,9,0,0,20442
v3_da_gemini_lee,gemini_da_v1_lee,rojo,azul,completado,,9,0,0,20443
v3_da_gemini_lee,gemini_da_v1_lee,azul,rojo,asesino,azul,5,0,0,20444
v3_da_gemini_lee,gemini_da_v1_lee,rojo,rojo,completado,,11,0,0,20445
v3_da_gemini_lee,gemini_da_v1_lee,azul,rojo,asesino,azul,7,0,0,20446
v3_da_gemini_lee,gemini_da_v1_lee,rojo,azul,completado,,8,0,0,20447
v3_da_gemini_lee,gemini_da_v1_lee,azul,rojo,completado,,8,0,0,20448
v3_da_gemini_lee,gemini_da_v1_lee,rojo,azul,asesino,rojo,1,0,0,20449
v3_da_gemini_lee,gemini_da_v1_lee,azul,azul,asesino,rojo,6,0,0,20450
v3_da_gemini_lee,v1_da_gemini_lee,rojo,rojo,completado,,9,0,0,20451
v3_da_gemini_lee,v1_da_gemini_lee,azul,rojo,asesino,azul,3,0,0,20452
v3_da_gemini_lee,v1_da_gemini_lee,rojo,azul,completado,,5,0,0,20453
v3_da_gemini_lee,v1_da_gemini_lee,azul,azul,asesino,rojo,10,0,0,20454
v3_da_gemini_lee,v1_da_gemini_lee,rojo,rojo,asesino,azul,2,0,0,20455
v3_da_gemini_lee,v1_da_gemini_lee,azul,azul,asesino,rojo,8,0,0,20456
v3_da_gemini_lee,v1_da_gemini_lee,rojo,azul,completado,,6,0,0,20457
v3_da_gemini_lee,v1_da_gemini_lee,azul,azul,asesino,rojo,8,0,0,20458
v3_da_gemini_lee,v1_da_gemini_lee,rojo,rojo,asesino,azul,6,0,0,20459
v3_da_gemini_lee,v1_da_gemini_lee,azul,rojo,completado,,8,0,0,20460
v3_da_gemini_lee,v3_puro,rojo,azul,completado,,4,0,0,20461
v3_da_gemini_lee,v3_puro,azul,azul,completado,,5,0,0,20462
v3_da_gemini_lee,v3_puro,rojo,azul,completado,,6,0,0,20463
v3_da_gemini_lee,v3_puro,azul,azul,completado,,3,0,0,20464
v3_da_gemini_lee,v3_puro,rojo,azul,completado,,4,0,0,20465
v3_da_gemini_lee,v3_puro,azul,azul,asesino,rojo,6,0,0,20466
v3_da_gemini_lee,v3_puro,rojo,azul,completado,,4,0,0,20467
v3_da_gemini_lee,v3_puro,azul,azul,completado,,5,0,0,20468
v3_da_gemini_lee,v3_puro,rojo,azul,completado,,4,0,0,20469
v3_da_gemini_lee,v3_puro,azul,azul,completado,,5,0,0,20470
v3_da_gemini_lee,gemini_da_v3_lee,rojo,azul,completado,,10,0,0,20471
v3_da_gemini_lee,gemini_da_v3_lee,azul,rojo,completado,,12,0,0,20472
v3_da_gemini_lee,gemini_da_v3_lee,rojo,rojo,completado,,9,0,0,20473
v3_da_gemini_lee,gemini_da_v3_lee,azul,rojo,completado,,7,0,0,20474
v3_da_gemini_lee,gemini_da_v3_lee,rojo,rojo,asesino,azul,6,0,0,20475
v3_da_gemini_lee,gemini_da_v3_lee,azul,rojo,asesino,azul,3,0,0,20476
v3_da_gemini_lee,gemini_da_v3_lee,rojo,azul,completado,,6,0,0,20477
v3_da_gemini_lee,gemini_da_v3_lee,azul,rojo,asesino,azul,5,0,0,20478
v3_da_gemini_lee,gemini_da_v3_lee,rojo,rojo,completado,,9,0,0,20479
v3_da_gemini_lee,gemini_da_v3_lee,azul,rojo,completado,,10,0,0,20480
v3_da_gemini_lee,v3_da_gemini_lee,rojo,azul,asesino,rojo,5,0,0,20481
v3_da_gemini_lee,v3_da_gemini_lee,azul,rojo,completado,,6,0,0,20482
v3_da_gemini_lee,v3_da_gemini_lee,rojo,rojo,completado,,7,0,0,20483
v3_da_gemini_lee,v3_da_gemini_lee,azul,rojo,completado,,10,0,0,20484
v3_da_gemini_lee,v3_da_gemini_lee,rojo,azul,asesino,rojo,5,0,0,20485
v3_da_gemini_lee,v3_da_gemini_lee,azul,azul,asesino,rojo,4,0,0,20486
v3_da_gemini_lee,v3_da_gemini_lee,rojo,rojo,asesino,azul,6,0,0,20487
v3_da_gemini_lee,v3_da_gemini_lee,azul,rojo,asesino,azul,7,0,0,20488
v3_da_gemini_lee,v3_da_gemini_lee,rojo,rojo,asesino,azul,4,0,0,20489
v3_da_gemini_lee,v3_da_gemini_lee,azul,rojo,asesino,azul,1,0,0,20490
